419551477591_2817337	"ITS SO FLUFFY! :D"
419551477591_2817339	its so fluffy im gonna die!!!!!!!!!!!!!!!!!!!!!!!!!!!!!!!!11
419551477591_2817352	ITS SOOO FLUFFFYYYY.......... ROFL
419551477591_2817415	Fluffy scene <3
419551477591_2817455	ummm oh " IT'S SOOO FUFFLEH!!!"
419551477591_2817737	ITS SO FLUFFY!!!!! & I DUS COUNT AS ANNOYING=)
419551477591_2817751	he did it....wuttttt
419551477591_2817788	But hmm i LOVE ITS SOOO FLUFFYYY BUT SHES SOOO CUTE I LOVE ALLLL OF HER SCENES!!!
419551477591_2817818	ITS SO FLUFFY Im GONNA DIE!!
419551477591_2817908	"IT'S SOOOOOOO FLUUFFFFFYYYYY!!!!!" :D
419551477591_2817929	...ummm...."IT'S SO FLUFFY!!!"   :D
419551477591_2817940	ITS SO FLUFFAY!!!!!!!!!!!!!
419551477591_2818003	LET'S GO DESTROY ANOTHER GAME!!
419551477591_2818007	ITS SOOOOO FLUFAAAAAY. IM GONNA DIE. Or
419551477591_2818028	IT'S SOOOO FLUFFFYYYYY!!!!!:D
419551477591_2818049	its so fluffy im gonna die!!!!!!!!!! <3
419551477591_2818122	SANTA CLAUS :D
419551477591_2818158	its so fluffy im gonna die!!
419551477591_2818178	ITS SO FLUFFAY!
419551477591_2818181	ITS SOOO FLUFFY I AM GOING DIE!!!!!!!!!! KNOCKED OVER!!!!!!!!!ITS SO FLUFFY!!!!!!!
419551477591_2818218	it so fluffy im ganna die!!!!!!
419551477591_2818233	Big Fluffy!
419551477591_2818240	its so fluffy im gonna die!!!
419551477591_2818343	"IT'S SO FLUFFY" :~D
419551477591_2818439	ITS SOFLUFFY!
419551477591_2818460	"KNOCKED OVER!!!!" LOL
419551477591_2818484	Its So FLuffy Im Gonna Die!!!
419551477591_2818508	"CAN WE GO DESTROY OTHER GAMES PLEASE?"
419551477591_2818613	"IT'S SOOOO FLUFFY!!!!!!!..AND "DOES THiS COUNT AS ANNOYiN!!"...MY KiDZ LOVED iT!!!!!....
419551477591_2818629	ITS SO FLUFFY!!!! LMAO
419551477591_2818721	HE'S SO FLUFFY I'M GONNA DIE
419551477591_2818755	its so fluffy im gonna die!!!!!!!!!
419551477591_2818759	ITS SO FLUFFAAAAY~
419551477591_2818900	UNICORN SONG
419551477591_2818959	its so fluffy im gonna die!!! 
419551477591_2818980	IT'S SO FLUFFY I'M GONNA DIE:D
419551477591_2819017	FLUFFY!!!
419551477591_2819088	ITS SO FLUFFY I'm GONNA DIE
419551477591_2819093	"IT'S SO FLUFFY I'M GONNA DIE!!!" :D
419551477591_2819130	UNICORN SONG
419551477591_2819135	IT'S SO FLUFFY!!!!! >:O
419551477591_2819165	LET'S BLOW UP SOME MORE GAMES!
419551477591_2819175	ITS SO FLUFFYYYY! LOL
419551477591_2819187	IT'S SOP FLUFFAAAY!
419551477591_2819210	ITS SO FLUFFY!!!! LOL
419551477591_2819306	EVERY SCENE
419551477591_2819359	IT'S SO FLUFFY I'M GONNA DIE!!! IT'S SO FLUFFFAY!!! =D
419551477591_2819360	ITS SO FLUFFLYIM GONNA DYE
419551477591_2819366	its so fluffy im gonna die !!!!!!!!!!!!!!!!!!!!!!!!!!!!!!!!!!!!!
419551477591_2819610	Fluffy
419551477591_2819640	Fluffy.
419551477591_2819676	duh....fluffy
419551477591_2819784	DUH. ITS SO FLUFFY! 
419551477591_2819804	Fluffy! 
419551477591_2819856	Three Little Kittens LOL
419551477591_2819977	ITS SO FLUFFY!! DOES THIS COUNT AS AN ANNOYING SOUND?? :)
419551477591_2820090	HE'S SO FUZZY!!!!!
419551477591_2820181	IT'S SO FLUFFY I WANNA DIE! D:
419551477591_2820399	Flufffffffffy(:
419551477591_2820437	EVERYONE OF AGNES'S SCENE'S.I LOVE AGNES.
419551477591_2820460	"it is so fluffy. im gonna die"
419551477591_2820490	FLUUUUUFFFFFAAAAAYYYYYYY!!!!!!
419551477591_2820689	ITS SO FLUFFAAAAAAY!!!!
419551477591_2820750	its so fluffy !!!!!!!!!!!!!!!!!!!!!!!!!!!!!!!!!!! im gonna die
419551477591_2820897	its so fluffy im gonna die!!!!!!!!!!!!!!!!!!!!!!!!!!!!!!!!!!!!
419551477591_2820989	IT'S SO FLUFFY!!!!!!!!!!!!!!!!!!!!!!! :D:D:D:D
419551477591_2821022	IT'S SO Fluffy
419551477591_2821470	Fluffy, duh!!!
419551477591_2821515	IT'S SO FLUFFY I'M GONNA DIE.....::DEEP VOICE:: IT'S SO FLUFFY!!!!
419551477591_2821534	ITS SO FLUFFYYY n DOES THIS COUN AS ANOYING
419551477591_2821536	ITS SO FLUFFYYY n DOES THIS COUN AS ANOYING
419551477591_2822100	it'S SO FLUFFLY !
419551477591_2822205	OMG "ITZ SO FLUFFY!!!!!!!!" :)
419551477591_2822224	"its so fluffy im gunna die!!" ITS SO FLUFFY!!!!
419551477591_2822516	ITS SO FLUFFAY!!!!!!
419551477591_2822598	"FLUFAAAAY!!!!"
419551477591_2822859	its so fluffy im gonna die......ITS SO FLUFFY!! :D
419551477591_2823064	FLUFFY
419551477591_2823176	HE;S SO FLUFFY!!!!!!!
419551477591_2824013	FLUFFY!
419551477591_2824347	its so fluffy im gonna die!!!!!!!!!!
419551477591_2824890	"ITS SO FLUFFY!!":D
419551477591_2825153	ITS SO FLUFFY!!!!!!!!!!!!!!!!!!!!! :D
419551477591_2825413	GREAT MOVIE VERY FUNNY
419551477591_2825605	hehee....... heheheheh...... hehehehehehheeh.............  =0
419551477591_2825772	its sooo fluffy im gonna die!!
419551477591_2826012	FLUFFY!!!
419551477591_2827607	its so fluffy im gonna die!!!!!!!ITS SO FLUFFY!!!!!!!!!!!!!!!!!!!!!
419551477591_2829477	ITS SO FLUFFY IM GOING 2 DIE!!!!!!!!!!!!!!!!!!!!!!!!!!!!!!!!!!!!!!!!!!!!!!!!!!!!!!!!!!!!!!!!!!!!!!!!!!!!!!!!!!!!!!!!!!!!!!!!!!!!!!!!!!!!!!!!!!!!!!!!!!!!!!!!!!!!!!!!!!!!!!!!!!!!!!!!!!!!!!!!!!!!!!!!!!!!!!!!!!!!!!!!!!!!!!!!!!
419551477591_2830214	I Like ITS SO FLUFFY I AM GONNA DIE!!!!!
419551477591_2830774	FLUFFEH!!!!!!!!!!!!!!!!
419551477591_2830891	heheheheheheheheheheheheheheehehehehehe its so gue
419551477591_2831368	its soo fluffy im gunna die, ITS SO FLUFFAY
419551477591_2834866	IT SO FLUFFY DUDE
419551477591_2838257	ITS SO FLUFFY!!!:D
419551477591_2841099	OMG ITS SO FLUFFY IM GONNA DIE!!
419551477591_2846036	ITS SO FLUFFY LOL
419551477591_2848067	LIIIGHT BULB.
419551477591_2856515	its so fluffy im gonna die!!!!
419551477591_2862618	"its so fluffy im gonna die!!!"
419551477591_2887501	its so fluffy im gonna die!!!!
419551477591_2894717	"IT'S SO FLUFFY!!" LOL
419551477591_2903100	it's soo fluffy im ganna die 
419551477591_2973435	"its so fluffy im gonna die!"
419551477591_2973884	itz so fluffy!
419551477591_2981663	its so fluffy im gonna die!
419551477591_2997886	SHES SOOOOO FLUFFFFFFFFFFY!!!!
419551477591_3354867	its so fluffy im gonna die!!!
419551477591_3612574	DOSE THIS COUNT AS ANNOYING?BLOP,BLAP,BLOP,BLAP SHES SO CUTE
419551477591_4034073	Its SOOOOO Fluffy Im Gonna Die!!!!1
419551477591_6115824	OOPS ITS SO FLUFFY!
419551477591_7959263	its so fluffy im gunner die
419551477591_9452866	HER EYES! <3
114439718608568_382461	STOP SPAMMING!!!!
114439718608568_388350	GREAT MOVIE
128373800539579_811159	WOW
128373800539579_869734	hehehe but!
128373800539579_885790	NEED MINION DOLLS!
144774822206152_1156233	:D
144774822206152_1163851	:D
112199138831567_313243	MY SON LOVES THIS MOVE......
112199138831567_313274	MY SON LOVES THIS MOVE......
112199138831567_313342	butt...heheheeh, butt...hehehehhe, butt....heheheh
112199138831567_313581	Light Bulb.
112199138831567_314105	"HES SO FLUFFY!"
112199138831567_314999	I HATE U GUYS 4 MAKING FUN OF TWILIGHT GRRRRRRRRRRRRRRRRRRRRRRRRRRRRRRRRRRRRRRRRRRRRRRRRRRRRRRRRRRRRRRRRRRRRRRRRRRRRRRRRRRRRRRRRRRRRRRRRRRR
141925515833483_1104452	ITS NOT VICTOR!!! ITS VECTOR!!
138296222866138_1028149	Lucky duck
138296222866138_1028833	Funny 
138296222866138_1029079	OMG I NEEEEEEEEDS!!!!
138296222866138_1029867	IT DIDN'T WORK FOR ME ON MY BLACKBERRY. PLUS IT DRAINED MY BATTERY!
138296222866138_1030816	Lol Gru-Ray Disc
125379754172071_703808	DADDYYYYYYYYYYYYYYYYYYYYYYYYYYYYYYYYYYYYYYYYYYYYYYYYYYYY!!!!!!!!!!!!!!!!!!!!!!!!!!!!!!!!!!!!!!!!!!!!!!!!!!!!!!!!!!!!!!!!!!!!!!!!!!!
122085471170226_602889	We LOVED IT!
142312399112617_1090872	WHAT FUCK
131308593573389_882735	MINIONS!
131308593573389_882819	seeing it in 30 minutes :D
131308593573389_882966	FANTASTIC & HILARIOUS MOVIE!  
141487362533976_1074173	hehe
141487362533976_1075016	THIS MOVIE ROCKED!!!! ITS HILARIOUS!!!!!
127850713923060_780212	Midnight Premier!!!Yeahhh Boiii :)
411696482591_2689189	weird
411696482591_2689197	Russell Brand ROCKS!!!!
411696482591_2689203	Lucky
411696482591_2689513	To dern' FUNNY!
411696482591_2694092	HAHA LOL HILARIOUS AND GO RUSSEL
411696482591_2714992	HAHA LOL HILARIOUS 
411696222591_2691214	FUNNY
411696222591_4400840	FUNNY
141524869197121_1071465	PENIS.
138589929500399_1001420	i am hehe
138589929500399_1001436	its so fluffy im gonna die!!!!
124941914215106_685702	:D
849804892055_2004641	MICHEAL SCOTT!!!! :D
136388736389195_992529	:D
849101327005_1992702	KNOCKED OOOOOOOOOVER!
849101327005_1999045	LMFAO!!!!!!!!! MR RIBS HURT SO MUCH
849101327005_2033950	HE'S SO FLUFFFY!!!!!!
849101327005_2126511	VERY FLUFFAY! :D
849101327005_2174086	8D
849101327005_2422938	KNOCKED OVER!!!
849101327005_9248873	ITS FLUFLY
849101327005_14394058	KNOCKED OOVEEEEEERRR!!!!!!
849101327005_14397890	GOOD GOOD GOOD JOB GRU
136219309730742_982594	GET OFF MA PAGE STRANGERS
123132391062650_640105	GRUUU!!
125904197450767_731538	Jason Segel is amazing <3
408435600162_13166741	FUNNY
139535782728256_1004952	IT"S SO FLUFFY!!!! :D
407215145162_13144887	DOES THIS COUNT AS ANNOYING?
406762075162_13138842	ITS SO FLUFFY!!!!!!!!!!!!!!!!!!!!!!!!!!!!!!HILARIOUS
406762075162_13143306	HE'S SO FLUFFY I'M GONNA DIE!!!!!!!!!
406762075162_13161254	IT'S SO FLUFFY!!!!!! LOLOLOLOLOLOLZ! ROTFL
406762075162_13167633	OMG HE PUNCHED MY SHARK!!!
406762075162_14289888	OMG HE PUNCHED MY SHARK!!!
118149141563042_633704	he so fluffy im gonnga die 
406457585162_13129261	ITS SO FLUFFFY!!!!!!! :) LOLOLOL
406457585162_13131392	FLUFFY PLUSHY IS FLUFFY!!!!!
406457585162_13141843	HE'S SO FLUFFY! LOL
406457585162_13153447	ITS SO FLUFFY LOLZ
406457585162_13167545	HE'S SO FLUFFY!!!!!!  
406457585162_13223208	itz so fluffy hehe
406457585162_24115439	ITS SO FLUFFY :D
405072325162_18078398	freeze Rayfreeze Ray
127640443936856_743523	Me 2 Me 2!!!!!
130199773664711_901234	FUN, FUN, FUN!!!!!
132733743406062_806275	I'm not seeing it either....
397760210162_12963529	... wut..?
397528475162_12963447	2:11 KNOCKED OVER! Lol
381855535162_12656626	ROCKS!!!!
381855535162_12979624	SO FUNNY
188382577591_13012257	KNOCKED OVAR!
329829905162_16752370	WOW
234890667591_6726446	FUNNY
221686580162_20637816	OMG???UMMM...
137802056496_5978579	Winner :)
