10151463422487592_10025025	αχαχαχαχχαχχ
10200590565219747_5532577	Αννα-Μαρια ahhahaah
10151450219560163_25409934	Χριστιανα Ρουβα Ρουβα
10151450219560163_25410674	Σπύρος χαχαχαχα :P
10151450219560163_25424284	okokokok..... αντε με το καλοοοοοοοοοοοοοοοοοοο.......αντε ντεεεεεεεεεεεε ακομααααααααααα?
10151422651655163_25206354	ΚΑΛΟ ΠΛΑΚΑ ΕΧΕΙ
10151414564815163_25196319	Αννα-Μαρια
10151389928987592_9613966	χαχαχαχαχαχαχαχα ανυπομονώ
10151373221772592_9454710	μανιταρακι με φωναζουν
10151329306012592_9144123	Bee do bee do... Αστυνόμος Τρομπέτας Σαϊνης
10151251799335163_24193029	χαχαχα καλοοοοοοο !
