419551477591_2817370	its so fluffy im gonna die
419551477591_2817386	no doubt the unicorn scene!
419551477591_2817439	the santa scene
419551477591_2817451	I love unicorns
419551477591_2817493	i love all agnes parts
419551477591_2817519	it's so fluffy i'm gunna die :D
419551477591_2817527	ditto..lol
419551477591_2817727	i love unicorns!
419551477591_2817759	its so fluffy im gonna die
419551477591_2817836	"Its so fluffy I'm gonna die!!!"  lol
419551477591_2817879	its so fluffy i'm gonna die!!! 
419551477591_2817885	Its so fluffy im gonna die!!!!
419551477591_2817917	its so fluffy i"m gonna die
419551477591_2817948	its so fluffy, i am gonna die!!! 
419551477591_2818056	hes so fluffy im gonna die
419551477591_2818097	it's so fluffy i'm gonna die!
419551477591_2818111	its so fluffy im gonna die..lol:)
419551477591_2818142	its so fluffy im gonna die
419551477591_2818152	itsso fluffy im gonna die
419551477591_2818155	unicorn
419551477591_2818259	Its so fluffy im gonna die!!!!!!
419551477591_2818263	"Its so fluffy I'm gonna die!"
419551477591_2818278	it's so fluffy im gonna die!
419551477591_2818536	" its so fluffy i'm gonna die! "
419551477591_2818545	its so fluffy im gonna die
419551477591_2818593	Its so fluffy im gonna die!
419551477591_2818598	"it's so fluffy i'm gonna die!" "IT'S SO FLUFFY!!!!!" LOL!!!
419551477591_2818621	he's so fluffy i'm gonna diiiiiie!
419551477591_2818640	It so fluffy I'm gonna die!
419551477591_2818703	Its so fluffy im gonna die!!!
419551477591_2818798	Its so fluffy im gonna die :)
419551477591_2818827	Its so fluffy im gonna die!!
419551477591_2818954	it's so fluffy im gonna die!
419551477591_2818974	"Its so fluffy I'm gonna die!"
419551477591_2819009	It's so fuzzzy!
419551477591_2819042	Its so fluffy I'm gonna die!
419551477591_2819194	"A unicorn, its so fluffy I'm gonna die!!!!!!!"
419551477591_2819229	Its so fluffy im gonna die!
419551477591_2819280	"Its so fluffy i'm gunna die...,ITS SO FLUFFY"
419551477591_2819373	 "its so fluffy i'm gonna die" 
419551477591_2819551	it's so fluffy i'm gonna die
419551477591_2819587	its so fluffy im gonna die
419551477591_2819608	it's so fluffy i'm gonna die!
419551477591_2819612	Its so fluffy im gonna die!
419551477591_2819731	It's so fluffy I'm gonna die!!!! XD
419551477591_2819905	Copy Butt copy Butt copy Butt
419551477591_2820062	 It's so FLUFFY!!! I'm gonna die!!!!!!!!!!!!!!!!!!!!!!!!!!!!!!!!!!!!!
419551477591_2820255	lol crap
419551477591_2820356	All.
419551477591_2820392	"Its so fluffy im gonna die!!"
419551477591_2820482	"It's so fluffy I'm gonna die!" lol
419551477591_2820560	"....so fluffy i'm gonna dieeeeeee!"
419551477591_2820588	"It's so fuzzzzzy"
419551477591_2820658	Carnival "He's so fuzzzzzzzy!
419551477591_2820671	its so fluffy i'm gonna die XD
419551477591_2820777	"it's so fluffy i'm gonna die!!!!""IT'S SO FLUFFYYYYYYY!!!!!"
419551477591_2820858	it's so fluffy...i'm gonna die!!!!!!!!!
419551477591_2820934	it's so fluffy im gonna die.
419551477591_2820961	ITS SO FLUFFY!!!!im gonna die!!!lol
419551477591_2820993	Its so fluffy I'm gunna die!!! XD
419551477591_2821000	It's SO FLUFFY!!! I'm gonna die !!!
419551477591_2821116	U suck preston person lol 
419551477591_2821222	It so fluffy Im gonna die!!!!
419551477591_2821260	its so fluffy im gonna die
419551477591_2821263	ppppppppppppppppppppppppppppppppppppppppppppppppppppppppppppppppppppppppppppppppppppppppppppppppppppppppppppppppppppppppppppppppppppp
419551477591_2821520	It so fluffy I'm gonna die!!!!
419551477591_2821528	"Its so fluffy, im gonna die..."
419551477591_2821865	Cheese puff scene. Lol
419551477591_2822226	Its so fluffy Im gonna die!
419551477591_2822356	Its so fluffy I'm gonna die!
419551477591_2822492	"it's so fluffy i'm gonna die" HANDS DOWN!
419551477591_2823739	so cute..!  :)
419551477591_2824306	he so fluffy im gonna die!
419551477591_2825319	it so fluffy i gonna die 
419551477591_2825407	its so fluffy im gonna die
419551477591_2826088	its so fluffy im gonna die
419551477591_2826239	"it's so fluffy i'm gonna die!"
419551477591_2827522	its so fluffy im gonna die
419551477591_2830728	"unicorn, unicorn, uni, uni, unicorn"
419551477591_2836557	Unicorns, uni-uni-unicooornns
419551477591_2836595	"Its so fluffy, Im gonna die"
419551477591_2838373	Its so fluffy I'm gonna die!
419551477591_2838665	its so fluffy i'm gonna die
419551477591_2866927	Uni Uni Unicorn~~
419551477591_2880768	its so fluffy I'm gonna die!
419551477591_3003019	so cute.:)
419551477591_3616629	"Its so fluffy Im gonna die!!!"
419551477591_3999118	its a fluffy i'm gunna die i love agnes she so cute I wantto die!!!! :) :O  :D
419551477591_4611544	its so fuffy im gonna die
419551477591_5647142	soo cute lol
114439718608568_388250	si fui a verla me rei un monton.
128373800539579_804098	I'm gonna die
128373800539579_804646	So cute!!
128373800539579_815784	It's so fluffY. I'm gonna die
144774822206152_1213833	i love minions
112199138831567_313413	I'm so FLUFFY!!!!
112199138831567_313540	I'm so fuzzy!!!!
112199138831567_313623	Maegan ~ " IT'S SOOOO FLUFFY !!!!!!!! " L o L !!! :)
141925515833483_1102395	nice
141925515833483_1102403	so FLUFFY!
138296222866138_1028655	i love dispicable me<3
138296222866138_1043555	it's so fluffy i'm gonna diiiiie!
131308593573389_882885	Lol
127850713923060_780189	copypasta!!! lolz
411696482591_2689244	Lol
411696482591_2689265	I <3 Russell
411696482591_2689446	Lol
411696482591_2690491	I'd love a minion!
411696482591_2690501	i cant waitttttttttt
411696482591_2693850	are u real?
411696222591_3343682	I <3 U RUSSELL !!!!!!!!!!!!!!!!!!!!!!!!!!!!!!!!!!!!
411696222591_3910880	nice pic!!!!!!!1
411696222591_4064327	lolololol!!!!!!!!!!!!
411696222591_6315843	nice copy
141524869197121_1071633	itz so fluffy!!!!!!!!!!!!!!!!!!       not cool dave.. i <3 love <3 despicable me!!!! <3
849804892055_1998438	nice ?????
849804892055_1998500	dave not cool...
136388736389195_969633	ri
135643283131762_947916	Ditto Rolando!
135643283131762_947920	it's so fluffy! i'm gonna die! 
849101327005_1989697	it's so fluffy I'm gonna die!! =) <3  it !!!!!!!!!!!!!!!!
849101327005_1989725	lmbo still! 
849101327005_1989959	Lol so cute
849101327005_1991082	so cute
849101327005_1994195	I LoVe iT
849101327005_1997824	LOL!!! I BOUT DIED LAFIN!!
849101327005_2992434	its so fluffy im gonna die LOL. i love it!!
849101327005_7977306	so cute
849101327005_9209467	i wanna unicorn!
849101327005_14425933	it's so fulffy i gonna die
106640889386474_168197	minions gotta love em!!!!
106640889386474_169281	pretty
123132391062650_640382	no stella i want one :-)
106150229437768_155386	me to
408435600162_13166794	soo cute!
139535782728256_1004962	It's so FLUFFY I'm gonna die!!!!
407215145162_13144815	I LOVE IT!!
406762075162_13135736	i wana c dat movie!!!!!!
118149141563042_480977	me to
406475065162_13129260	I love Steve Carrell
406457585162_24956914	it so fluffy  i m gonna die
406884592591_2617925	coollllllllllllllllllllllllllllllllllllllllllllllllllllllllllllllllllllllll
403027025162_13101958	lolololol
397760210162_12960269	so far a cute movie
397760210162_13036909	I love da little girl. "It's so FLUFFYYYYY!!!!!!!!!!!"
397760210162_20594146	no farting
397448250162_12958273	pirate!!!!!!!!!!!
115232881845985_500953	I  LOVE  MINIONS!
329900217591_21438021	wow saw beuty fulllllllllllllllllllllllllllllllllllllllllllllllllllllll?????????????????
234890667591_2031012	zomg there so cuttttte <3 
234890667591_2820235	I LOVE MINIONS!!!!
221686580162_20627736	love dispicable me
1169085900475_5526145	vonito
